clave_paper,autor_id,orden,presentacion
2025-16,817,1,Erick Rangel
2025-16,1252,2,Marco A. Esteban Aguirre
2025-16,729,3,Irving Llamosas-Rosas
2025-15,1246,1,Agustina Colonna
2025-15,941,2,Lorenzo Aldeco Leo
2025-14,941,1,Lorenzo Aldeco Leo
2025-14,967,2,Horacio Reyes Rocha
2025-13,949,1,Lenin Arango-Castillo
2025-13,780,2,María José Orraca
2025-13,1283,3,Regina Briseño
2025-12,1270,1,Alberto Montagnoli
2025-12,811,2,Miroslava Quiroga-Trevino
2025-12,1269,3,Christoph Thoenissen
2025-11,711,1,Miriam Juárez-Torres
2025-11,1176,2,Jesús Arellano-González
2025-11,627,3,Benjamín Contreras-Astiazarán
2025-10,1256,1,Anna D. Mata
2025-10,1172,2,Héctor M. Núñez
2025-09,1247,1,David Bernal
2025-09,1248,2,Gustavo A. García
2025-09,798,3,Jorge Pérez Pérez
2025-08,702,1,Marco A. Hernandez Vega
2025-08,1234,2,Eduardo Martínez González
2025-07,651,1,Rocío Elizondo
2025-07,609,2,Julio A. Carrillo
2025-06,1237,1,Mauricio Stern
2025-05,1172,1,Héctor M. Núñez
2025-05,1150,2,Adán L. Martínez-Cruz
2025-05,1151,3,Jaime Sainz-Santamaría
2025-04,1241,1,Armando R. Colina
2025-04,1239,2,Bulat Gafarov
2025-04,1240,3,Jens Hilscher
2025-03,1152,1,Darwin Cortés
2025-03,1153,2,Andrés Gallegos-Vargas
2025-03,798,3,Jorge Pérez Pérez
2025-02,1176,1,Jesús Arellano-González
2025-02,711,2,Miriam Juárez-Torres
2025-01,1172,1,Héctor M. Núñez
2024-20,612,1,José L. Casco
2024-20,653,2,León Fernández Bujanda
2024-20,1158,3,Laura Kurczyn
2024-19,684,1,Eva González
2024-19,1207,2,Cindy Rangel
2024-19,889,3,Leonardo Torre
2024-19,845,4,Alejandrina Salcedo
2024-19,561,5,Jorge Alvarado
2024-18,1161,1,Diego Mayorga
2024-18,1162,2,Karla Neri Hernández
2024-18,798,3,Jorge Pérez Pérez
2024-17,941,1,Lorenzo Aldeco Leo
2024-17,845,2,Alejandrina Salcedo
2024-16,955,1,Alex Rivadeneira
2024-16,557,2,Carlo Alcaraz
2024-16,562,3,Nicolás Amoroso
2024-16,784,4,Rodolfo Oviedo
2024-16,932,5,Brenda Samaniego
2024-16,860,6,Horacio Sapriza
2024-15,623,1,Luis Fernando Colunga Ramos
2024-14,556,1,Carlos Alba
2024-14,609,2,Julio A. Carrillo
2024-14,703,3,Raúl Ibarra
2024-13,951,1,Miguel A. Mascarúa Lara
2024-12,1217,1,Ángelo Gutiérrez-Daza
2024-11,949,1,Lenin Arango-Castillo
2024-11,1238,2,Francisco J. Martínez-Ramírez
2024-11,780,3,María José Orraca
2024-10,874,1,Diego Solórzano
2024-10,949,2,Lenin Arango-Castillo
2024-09,1242,1,Simon Freyaldenhoven
2024-09,1243,2,Christian B. Hansen
2024-09,798,3,Jorge Pérez Pérez
2024-09,1244,4,Jesse M. Shapiro
2024-09,1245,5,Constantino Carreto
2024-08,817,1,Erick Rangel González
2024-08,729,2,Irving Llamosas-Rosas
2024-08,1231,3,Sara Hutchinson Tovar
2024-07,702,1,Marco Hernandez-Vega
2024-06,798,1,Jorge Pérez Pérez
2024-06,969,2,José G. Nuño-Ledesma
2024-05,951,1,Miguel A. Mascarúa Lara
2024-04,729,1,Irving Llamosas-Rosas
2024-04,817,2,Erick Rangel González
2024-04,658,3,Felipe J. Fonseca
2024-04,1227,4,Rita Karolina Cantú Zendejas
2024-03,1154,1,Jose Apesteguia
2024-03,1155,2,Miguel A. Ballester
2024-03,1217,3,Ángelo Gutiérrez-Daza
2024-02,6,1,Angel Espinoza E.
2024-01,955,1,Alex Rivadeneira
2023-21,567,1,Antón Sarabia Arturo
2023-21,582,2,Bazdresch Santiago
2023-21,724,3,Lelo-de-Larrea Alejandra
2023-20,935,1,Kroft Kory
2023-20,936,2,Laliberté Jean-William
2023-20,723,3,Leal Vizcaíno René
2023-20,937,4,Notowidigdo Matthew J.
2023-19,963,1,Altinok Ahmet
2023-19,738,2,Mac Donald Diana E.
2023-18,874,1,Solórzano Diego
2023-17,961,1,Vial Lecaros Felipe
2023-17,962,2,Zárate Román D.
2023-17,798,3,Pérez Pérez Jorge
2023-16,954,1,Arellano Gonzalez Jesus
2023-16,711,2,Juárez-Torres Miriam
2023-16,922,3,Zazueta Borboa Francisco
2023-15,690,1,Guerrero-Escobar Santiago
2023-15,696,2,Hernández-del-Valle Gerardo
2023-15,702,3,Hernández Vega Marco
2023-15,960,4,De-la-Mora Paula
2023-14,959,1,Adame Espinosa Francisco
2023-13,651,1,Elizondo Rocío
2023-12,612,1,Casco José L.
2023-11,958,1,Orozco Vázquez Miguel
2023-10,623,1,Colunga L. Fernando
2023-10,889,2,Torre Cepeda Leonardo
2023-09,874,1,Solórzano Diego
2023-08,846,1,Salgado Alfredo
2023-08,957,2,Trujillo Alejandro
2023-07,579,1,Bátiz-Zuk Enrique
2023-07,956,2,González-Holden Alexa
2023-06,955,1,Rivadeneira Alex
2023-05,954,1,Arellano Gonzalez Jesus
2023-04,624,1,Cóndor Richard
2023-04,784,2,Oviedo Moguel Rodolfo
2023-03,556,1,Alba Carlos
2023-03,635,2,Cuadra Gabriel
2023-03,703,3,Ibarra Raúl
2023-02,954,1,Arellano Gonzalez Jesus
2023-02,711,2,Juárez-Torres Miriam
2023-02,922,3,Zazueta Borboa Francisco
2023-01,738,1,Mac Donald Diana E.
2022-20,848,1,Sámano Daniel
2022-19,782,1,Osuna Gómez Daniel
2022-18,889,1,Torre Leonardo
2022-18,684,2,González Eva
2022-18,953,3,Casillas Ramón
2022-18,561,4,Alvarado Jorge
2022-17,564,1,André Marine Charlotte
2022-17,952,2,Medina Espidio Sebastián
2022-16,951,1,Mascarúa Lara Miguel A.
2022-15,949,1,Arango-Castillo Lenin
2022-15,780,2,Orraca María José
2022-15,950,3,Molina Martínez G. Stefano
2022-14,807,1,Puggioni Daniela
2022-14,946,2,Calderón Mariana
2022-14,614,3,Cebreros Alfonso
2022-14,653,4,Fernández León
2022-14,947,5,Inguanzo José A.
2022-14,948,6,Jaume David
2022-13,946,1,Calderón Cerbón Mariana
2022-13,631,2,Cortés Espada Josué Fernando
2022-13,798,3,Pérez Pérez Jorge
2022-13,845,4,Salcedo Alejandrina
2022-12,666,1,García Ana Laura
2022-12,944,2,González Juan Pedro
2022-12,945,3,Velázquez Jhasua
2022-11,941,1,Aldeco Leo Lorenzo Rodrigo
2022-11,942,2,Jurado Jose A.
2022-11,943,3,Ramírez-Álvarez Aurora A.
2022-10,938,1,Nuño Ledesma José G.
2022-10,939,2,Wu Steven Y.
2022-10,940,3,Balagtas Joseph V.
2022-09,935,1,Kroft Kory
2022-09,936,2,Laliberté Jean-William P.
2022-09,723,3,Leal Vizcaíno René
2022-09,937,4,Notowidigdo Matthew J.
2022-08,657,1,Flores Segovia Miguel A.
2022-08,845,2,Salcedo Alejandrina
2022-08,889,3,Torre Cepeda Leonardo E.
2022-07,660,1,Freyaldenhoven Simon
2022-07,694,2,Hansen Christian
2022-07,798,3,Pérez Pérez Jorge
2022-07,868,4,Shapiro Jesse M.
2022-06,711,1,Juárez-Torres Miriam
2022-06,808,2,Puigvert Jonathan
2022-06,922,3,Zazueta-Borboa Francisco
2022-05,846,1,Salgado Alfredo
2022-04,798,1,Pérez Pérez Jorge
2022-03,612,1,Casco José L.
2022-02,620,1,Chen Liang
2022-02,667,2,Garcia-Medina Cecilia
2022-02,912,3,Wan Rui
2022-01,586,1,Bishop Kelly C.
2022-01,738,2,Mac Donald Diana E.
2021-26,579,1,Bátiz-Zuk Enrique
2021-26,720,2,Lara Sánchez José Luis
2021-25,702,1,Hernández Vega Marco A.
2021-24,711,1,Juárez-Torres Miriam
2021-24,808,2,Puigvert Jonathan
2021-23,609,1,Carrillo Julio A.
2021-23,666,2,García Ana Laura
2021-22,733,1,López Noria Gabriela
2021-21,726,1,Leyva Gustavo
2021-21,897,2,Urrutia Carlos
2021-20,604,1,Carabarín Aguirre Mauricio
2021-20,794,2,Peláez Gómez Carlos D.
2021-19,782,1,Osuna Gómez Daniel
2021-18,817,1,Rangel González Erick
2021-18,729,2,Llamosas-Rosas Irving
2021-17,556,1,Alba Carlos
2021-17,635,2,Cuadra Gabriel
2021-17,697,3,Hernández Juan R.
2021-17,703,4,Ibarra-Ramírez Raúl
2021-16,564,1,André Marine Charlotte
2021-16,892,2,Traficante Guido
2021-15,726,1,Leyva Gustavo
2021-15,764,2,Mora Israel
2021-14,579,1,Bátiz-Zuk Enrique
2021-14,760,2,Mohamed Abdulkadir
2021-14,851,3,Sánchez-Cajal Fátima
2021-13,593,1,Bush Georgia
2021-13,602,2,Cañón Salazar Carlos Iván
2021-13,687,3,Gray Daniel
2021-12,817,1,Rangel González Erick
2021-12,734,2,López Ornelas Luis Fernando
2021-11,702,1,Hernández Vega Marco A.
2021-10,733,1,López Noria Gabriela
2021-09,729,1,Llamosas-Rosas Irving
2021-09,817,2,Rangel González Erick
2021-08,624,1,Cóndor Richard
2021-07,703,1,Ibarra-Ramírez Raúl
2021-06,579,1,Bátiz-Zuk Enrique
2021-06,720,2,Lara Sánchez José Luis
2021-05,712,1,Jurado Pedroza Wilfrido
2021-04,824,1,Rho Caterina
2021-04,655,2,Fernández Raúl
2021-04,789,3,Palma Brenda
2021-03,639,1,Dal Borgo Mariela
2021-02,596,1,Calderón-Colín Roberto
2021-02,607,2,Carmona Sánchez Juan F.
2021-01,644,1,De la Peña Rogelio
2020-20,874,1,Solórzano Diego
2020-20,649,2,Dixon Huw
2020-19,932,1,Samaniego de la Parra Brenda
2020-19,653,2,Fernández Bujanda León
2020-18,552,1,Aguilar-Argaez Ana María
2020-18,647,2,Diego-Fernández Forseck María
2020-18,651,3,Elizondo Rocío
2020-18,836,4,Roldán-Peña Jessica
2020-17,889,1,Torre Cepeda Leonardo E.
2020-17,657,2,Flores Segovia Miguel A.
2020-16,664,1,Garcés Díaz Daniel
2020-15,627,1,Contreras Astiazarán Benjamín
2020-15,723,2,Leal Vizcaíno René
2020-15,770,3,Mosqueda Jordán
2020-15,845,4,Salcedo Alejandrina
2020-14,614,1,Cebreros Alfonso
2020-14,845,2,Salcedo Alejandrina
2020-14,621,3,Chiquiar Daniel
2020-14,695,4,Heffner-Rodríguez Aldo
2020-13,784,1,Oviedo Moguel Rodolfo
2020-12,564,1,André Marine Charlotte
2020-12,638,2,Dai Meixing
2020-11,624,1,Cóndor Richard
2020-10,583,1,Benavides Guillermo
2020-09,552,1,Aguilar-Argaez Ana María
2020-09,557,2,Alcaraz Carlo
2020-09,812,3,Ramírez Claudia
2020-09,833,4,Rodríguez-Pérez Cid Alonso
2020-08,553,1,Aguirre Castro Armando
2020-08,606,2,Cardozo-Medeiros Diego
2020-07,632,1,Costa Daniela
2020-07,830,2,Rodriguez Maria Jose
2020-06,889,1,Torre Cepeda Leonardo E.
2020-06,617,2,Chapa Cantú Joana C.
2020-06,684,3,González González Eva Edith
2020-05,798,1,Pérez Pérez Jorge
2020-05,878,2,Suher Michael
2020-04,614,1,Cebreros Alfonso
2020-04,695,2,Heffner-Rodríguez Aldo
2020-04,728,3,Livas René
2020-04,807,4,Puggioni Daniela
2020-03,846,1,Salgado Alfredo
2020-02,697,1,Hernández Juan R.
2020-01,724,1,Lelo de Larrea Alejandra
2019-21,859,1,San Vicente Portes Luis
2019-21,574,2,Atal Vidya
2019-21,711,3,Juárez-Torres Miriam
2019-20,617,1,Chapa Cantú Joana Cecilia
2019-20,769,2,Mosqueda Chávez Marco Tulio
2019-20,817,3,Rangel González Erick
2019-19,702,1,Hernández Vega Marco A.
2019-18,621,1,Chiquiar Daniel
2019-18,703,2,Ibarra-Ramírez Raúl
2019-17,631,1,Cortés Espada Josué Fernando
2019-17,848,2,Sámano Daniel
2019-17,693,3,Gutiérrez Villanueva Rubí
2019-16,707,1,Jaramillo Rodríguez Jorge
2019-16,792,2,Pech Moreno Luis Alberto
2019-16,812,3,Ramírez Claudia
2019-16,849,4,Sanchez-Amador David
2019-15,830,1,Rodriguez Maria Jose
2019-14,807,1,Puggioni Daniela
2019-13,798,1,Pérez Pérez Jorge
2019-12,733,1,López Noria Gabriela
2019-12,593,2,Bush Georgia
2019-11,594,1,Cabral Torres René
2019-11,561,2,Alvarado Jorge
2019-10,565,1,Angeles Galvan Daniel
2019-10,631,2,Cortés Espada Josué Fernando
2019-10,848,3,Sámano Daniel
2019-09,722,1,Leal-Ordoñez Julio C.
2019-09,741,2,Mandujano Javier
2019-08,624,1,Cóndor Richard
2019-07,731,1,López-Martín Bernabé
2019-07,800,2,Pérez-Reyna David
2019-06,621,1,Chiquiar Daniel
2019-06,888,2,Tobal Martín
2019-05,731,1,López-Martín Bernabé
2019-04,808,1,Puigvert Jonathan
2019-04,711,2,Juárez-Torres Miriam
2019-03,723,1,Leal Vizcaíno René
2019-03,755,2,Mekonnen Teddy
2019-02,614,1,Cebreros Alfonso
2019-01,593,1,Bush Georgia
2018-27,702,1,Hernández Vega Marco A.
2018-26,658,1,Fonseca Felipe J.
2018-26,729,2,Llamosas-Rosas Irving
2018-26,817,3,Rangel González Erick
2018-25,629,1,Contreras Oscar F.
2018-25,676,2,Giorgio Zanarone
2018-24,594,1,Cabral Torres René
2018-24,762,2,Mollick André V.
2018-24,861,3,Saucedo Eduardo
2018-23,846,1,Salgado Alfredo
2018-22,609,1,Carrillo Julio A.
2018-22,651,2,Elizondo Rocío
2018-22,833,3,Rodríguez-Pérez Cid Alonso
2018-22,836,4,Roldán-Peña Jessica
2018-21,814,1,Ramos Francia Manuel
2018-21,669,2,García-Verdú Santiago
2018-21,853,3,Sánchez-Martínez Manuel
2018-20,669,1,García-Verdú Santiago
2018-20,814,2,Ramos Francia Manuel
2018-19,726,1,Leyva Gustavo
2018-19,897,2,Urrutia Carlos
2018-18,731,1,López-Martín Bernabé
2018-18,813,2,Ramírez de Aguilar Alberto
2018-18,848,3,Sámano Daniel
2018-17,787,1,Padilla Alberto
2018-16,669,1,García-Verdú Santiago
2018-16,814,2,Ramos Francia Manuel
2018-16,853,3,Sánchez-Martínez Manuel
2018-15,635,1,Cuadra Gabriel
2018-15,814,2,Ramos Francia Manuel
2018-15,669,3,García-Verdú Santiago
2018-14,582,1,Bazdresch Santiago
2018-13,726,1,Leyva Gustavo
2018-12,877,1,Stefanou Spiro E.
2018-12,807,2,Puggioni Daniela
2018-11,826,1,Rico Jimena
2018-11,790,2,Panlasigui Stephanie
2018-11,736,3,Loucks Colby J.
2018-11,880,4,Swenson Jennifer
2018-11,802,5,Pfaff Alexander
2018-10,856,1,Sandoval Bustos Maritza
2018-10,817,2,Rangel González Erick
2018-10,729,3,Llamosas-Rosas Irving
2018-09,702,1,Hernández Vega Marco A.
2018-09,696,2,Hernández del Valle Gerardo
2018-09,690,3,Guerrero Santiago
2018-08,765,1,Morales Ramírez Alejandro
2018-08,834,2,Rodríguez-Zamora Carolina
2018-07,729,1,Llamosas-Rosas Irving
2018-07,658,2,Fonseca Felipe J.
2018-06,928,1,Gálvez-Soriano Oscar de Jesús
2018-05,884,1,Tello Benjamín
2018-04,593,1,Bush Georgia
2018-03,733,1,López Noria Gabriela
2018-03,921,2,Zamudio Fernández Juan José
2018-02,639,1,Dal Borgo Mariela
2018-01,614,1,Cebreros Alfonso
2017-22,836,1,Roldán-Peña Jessica
2017-22,890,2,Torres-Ferro Mauricio
2017-22,891,3,Torres García Alberto
2017-21,888,1,Tobal Martín
2017-20,664,1,Garcés Díaz Daniel
2017-19,761,1,Molina Danielken
2017-19,828,2,Roa Mónica
2017-18,703,1,Ibarra-Ramírez Raúl
2017-18,883,2,Téllez León Elizabeth
2017-17,703,1,Ibarra-Ramírez Raúl
2017-17,681,2,Gómez-Zamudio Luis M.
2017-16,839,1,Romero Alberto
2017-16,718,2,Kuper Gerard H.
2017-16,706,3,Jan P.A.M. Jacobs
2017-16,590,4,Boonman Tjeerd
2017-15,842,1,Ruiz Claudia
2017-15,836,2,Roldán-Peña Jessica
2017-15,801,3,Peydró José-Luis
2017-15,763,4,Morais Bernardo
2017-14,814,1,Ramos Francia Manuel
2017-14,669,2,García-Verdú Santiago
2017-13,722,1,Leal-Ordoñez Julio C.
2017-12,889,1,Torre Cepeda Leonardo E.
2017-12,561,2,Alvarado Jorge
2017-12,811,3,Quiroga Miroslava
2017-11,603,1,Capistrán Carlos
2017-11,621,2,Chiquiar Daniel
2017-11,697,3,Hernández Juan R.
2017-10,609,1,Carrillo Julio A.
2017-10,756,2,Mendoza Enrique G.
2017-10,776,3,Nuguer Victoria
2017-10,836,4,Roldán-Peña Jessica
2017-09,621,1,Chiquiar Daniel
2017-09,561,2,Alvarado Jorge
2017-09,811,3,Quiroga Miroslava
2017-09,889,4,Torre Cepeda Leonardo E.
2017-08,619,1,Chávez Juan Carlos
2017-08,658,2,Fonseca Felipe J.
2017-08,929,3,Gómez Zaldívar Manuel de Jesús
2017-07,787,1,Padilla Alberto
2017-06,719,1,Lambertini Luisa
2017-06,776,2,Nuguer Victoria
2017-06,898,3,Uysal Pinar
2017-05,888,1,Tobal Martín
2017-04,731,1,López-Martín Bernabé
2017-04,722,2,Leal-Ordoñez Julio C
2017-04,745,3,Martínez André
2017-03,614,1,Cebreros Alfonso
2017-03,621,2,Chiquiar Daniel
2017-03,828,3,Roa Mónica
2017-03,888,4,Tobal Martín
2017-02,702,1,Hernández Vega Marco A.
2017-01,621,1,Chiquiar Daniel
2017-01,633,2,Covarrubias Enrique
2017-01,845,3,Salcedo Alejandrina
2016-23,710,1,Juárez González Laura
2016-23,930,2,Casarín de la Cabada Daniel
2016-22,552,1,Aguilar-Argaez Ana María
2016-22,651,2,Elizondo Rocío
2016-22,836,3,Roldán-Peña Jessica
2016-21,715,1,Kochen Federico
2016-20,664,1,Garcés Díaz Daniel
2016-19,796,1,Pérez-Cervantes Fernando
2016-18,690,1,Guerrero Santiago
2016-18,711,2,Juárez-Torres Miriam
2016-18,848,3,Sámano Daniel
2016-18,715,4,Kochen Federico
2016-18,808,5,Puigvert Jonathan
2016-17,929,1,Gómez Zaldívar Manuel de Jesús
2016-17,619,2,Chávez Juan Carlos
2016-17,769,3,Mosqueda Chávez Marco Tulio
2016-16,667,1,Garcia-Medina Cecilia
2016-15,888,1,Tobal Martín
2016-14,888,1,Tobal Martín
2016-14,917,2,Yslas Renato
2016-13,715,1,Kochen Federico
2016-13,848,2,Sámano Daniel
2016-12,602,1,Cañón Salazar Carlos Iván
2016-12,661,2,Gallón Santiago
2016-12,778,3,Olivar Santiago
2016-11,583,1,Benavides Guillermo
2016-10,557,1,Alcaraz Carlo
2016-10,910,2,Villalvazo Martin Sergio
2016-09,731,1,López-Martín Bernabé
2016-08,614,1,Cebreros Alfonso
2016-07,708,1,Jean-Francois Wen
2016-07,667,2,Garcia-Medina Cecilia
2016-06,776,1,Nuguer Victoria
2016-06,635,2,Cuadra Gabriel
2016-05,917,1,Yslas Renato
2016-05,888,2,Tobal Martín
2016-05,621,3,Chiquiar Daniel
2016-04,696,1,Hernández del Valle Gerardo
2016-04,711,2,Juárez-Torres Miriam
2016-04,690,3,Guerrero Santiago
2016-03,697,1,Hernández Juan R.
2016-02,787,1,Padilla Alberto
2016-01,602,1,Cañón Salazar Carlos Iván
2015-25,557,1,Alcaraz Carlo
2015-25,621,2,Chiquiar Daniel
2015-25,845,3,Salcedo Alejandrina
2015-24,623,1,Colunga Ramos Luis Fernando
2015-24,889,2,Torre Cepeda Leonardo E.
2015-23,722,1,Leal-Ordoñez Julio C.
2015-22,731,1,López-Martín Bernabé
2015-22,881,2,Takayama Naoki
2015-21,696,1,Hernández del Valle Gerardo
2015-20,925,1,Zuccardi Huertas Igor Esteban
2015-19,619,1,Chávez Juan Carlos
2015-19,934,2,Katia García Loredo
2015-18,609,1,Carrillo Julio A.
2015-18,651,2,Elizondo Rocío
2015-17,571,1,Armendáriz Villarreal Thelma
2015-17,812,2,Ramírez Claudia
2015-16,711,1,Juárez-Torres Miriam
2015-15,796,1,Pérez-Cervantes Fernando
2015-15,857,2,Sandoval Hernández Aldo
2015-14,814,1,Ramos Francia Manuel
2015-14,775,2,Noriega Antonio E.
2015-14,833,3,Rodríguez-Pérez Cid Alonso
2015-13,775,1,Noriega Antonio E.
2015-13,814,2,Ramos Francia Manuel
2015-13,833,3,Rodríguez-Pérez Cid Alonso
2015-12,646,1,de Melo Gioia
2015-12,804,2,Piaggio Matías
2015-11,867,1,Seira Enrique
2015-11,613,2,Castellanos Pascacio Sara Gabriela
2015-11,709,3,Jiménez Hernández Diego J
2015-10,888,1,Tobal Martín
2015-09,692,1,Gutierrez Emilio
2015-09,710,2,Juárez González Laura
2015-09,841,3,Rubli Adrian
2015-08,814,1,Ramos Francia Manuel
2015-08,669,2,García-Verdú Santiago
2015-07,698,1,Hernández Manuel A.
2015-06,908,1,Villalpando B. Mario
2015-05,776,1,Nuguer Victoria
2015-04,566,1,Antón Arturo
2015-04,722,2,Leal-Ordoñez Julio C.
2015-03,702,1,Hernandez Vega Marco A
2015-02,551,1,Aguayo Téllez Ernesto
2015-02,748,2,Martínez José N
2015-02,817,3,Rangel González Erick
2015-01,690,1,Guerrero Santiago
2015-01,749,2,Martínez-Ovando Juan Carlos
2014-27,696,1,Hernández del Valle Gerardo
2014-27,786,2,Pacheco-González Carlos
2014-26,559,1,Alonso-Ortiz Jorge
2014-26,722,2,Leal-Ordoñez Julio C.
2014-25,817,1,Rangel González Erick
2014-25,889,2,Torre Cepeda Leonardo E.
2014-24,722,1,Leal-Ordoñez Julio C.
2014-23,696,1,Hernández del Valle Gerardo
2014-22,646,1,de Melo Gioia
2014-22,739,2,Machado Alina
2014-22,759,3,Miranda Alfonso
2014-21,831,1,Rodríguez-Oreggia Eduardo
2014-21,735,2,López Videla Bruno
2014-20,552,1,Aguilar-Argaez Ana María
2014-20,635,2,Cuadra Gabriel
2014-20,812,3,Ramírez Claudia
2014-20,848,4,Sámano Daniel
2014-19,669,1,García-Verdú Santiago
2014-19,924,2,Zerecero Miguel
2014-18,650,1,Elizondo Alan
2014-18,867,2,Seira Enrique
2014-17,814,1,Ramos Francia Manuel
2014-17,552,2,Aguilar-Argaez Ana María
2014-17,669,3,García-Verdú Santiago
2014-17,635,4,Cuadra Gabriel
2014-16,690,1,Guerrero Santiago
2014-16,749,2,Martínez-Ovando Juan Carlos
2014-15,628,1,Contreras Juan
2014-15,581,2,Battelle Holly
2014-14,796,1,Pérez-Cervantes Fernando
2014-13,787,1,Padilla Alberto
2014-12,710,1,Juárez González Laura
2014-12,803,2,Pfutze Tobias
2014-11,669,1,García-Verdú Santiago
2014-11,814,2,Ramos Francia Manuel
2014-10,635,1,Cuadra Gabriel
2014-10,814,2,Ramos Francia Manuel
2014-09,697,1,Hernández Juan R.
2014-08,573,1,Arroyo Miranda Juan
2014-08,679,2,Gómez Cram Roberto
2014-08,725,3,Lever Guzmán Carlos
2014-07,597,1,Calderón Gabriela
2014-06,678,1,Giri Rahul
2014-06,867,2,Seira Enrique
2014-06,886,3,Teshima Kensuke
2014-05,646,1,de Melo Gioia
2014-04,749,1,Martínez-Ovando Juan Carlos
2014-04,777,2,Olivares-Guzmán Sergio I.
2014-04,837,3,Roldán-Rodríguez Adriana
2014-03,806,1,Ponce Alejandro
2014-03,867,2,Seira Enrique
2014-03,920,3,Zamarripa Guillermo
2014-02,768,1,Moreno Othón M.
2014-01,609,1,Carrillo Julio A.
2014-01,805,2,Poilly Céline
2013-24,597,1,Calderón Gabriela
2013-24,637,2,Cunha Jesse M.
2013-24,640,3,De Giorgi Giacomo
2013-23,550,1,Accinelli Elvio
2013-23,633,2,Covarrubias Enrique
2013-22,722,1,Leal-Ordoñez Julio C.
2013-21,633,1,Covarrubias Enrique
2013-20,621,1,Chiquiar Daniel
2013-20,845,2,Salcedo Alejandrina
2013-19,609,1,Carrillo Julio A.
2013-19,793,2,Peersman Gert
2013-19,913,3,Wauters Joris
2013-18,900,1,Vaughan Daniel
2013-17,563,1,Amuedo Dorantes Catalina
2013-17,710,2,Juárez González Laura
2013-16,601,1,Campos-Ortiz Francisco
2013-16,785,2,Oviedo-Pacheco Mariana
2013-15,855,1,Sánchez Valadez Manuel
2013-14,743,1,Marín Ana Georgina
2013-14,863,2,Schwabe Rainer
2013-13,628,1,Contreras Juan
2013-13,791,2,Patel Elena
2013-13,894,3,Tristao Ignez
2013-12,900,1,Vaughan Daniel
2013-11,854,1,Sánchez-Romeu Paula
2013-11,819,2,Rattia-Lima Ernesto
2013-10,733,1,López Noria Gabriela
2013-09,711,1,Juárez-Torres Miriam
2013-09,825,2,Richardson James W.
2013-09,901,3,Vedenov Dmitry
2013-08,619,1,Chávez Juan Carlos
2013-08,734,2,López Ornelas Luis Fernando
2013-07,600,1,Campero Alejandra
2013-07,713,2,Kaiser Karen
2013-06,855,1,Sánchez Valadez Manuel
2013-05,779,1,Olivella Virginia
2013-05,836,2,Roldán-Peña Jessica
2013-04,900,1,Vaughan Daniel
2013-03,651,1,Elizondo Rocío
2013-02,631,1,Cortés Espada Josué Fernando
2013-01,558,1,Alexandrova-Kabadjova Biliana
2013-01,873,2,Solís-Robleda Francisco
2012-18,787,1,Padilla Alberto
2012-17,558,1,Alexandrova-Kabadjova Biliana
2012-17,873,2,Solís-Robleda Francisco
2012-16,836,1,Roldán-Peña Jessica
2012-15,690,1,Guerrero Santiago
2012-14,588,1,Bobonis Gustavo J.
2012-14,598,2,Cámara Fuertes Luis R.
2012-14,863,3,Schwabe Rainer
2012-13,771,1,Murillo Garza José Antonio
2012-13,854,2,Sánchez-Romeu Paula
2012-12,601,1,Campos-Ortiz Francisco
2012-12,809,2,Putterman Louis
2012-12,554,3,Ahn T. K.
2012-12,577,4,Balafoutas Loukas
2012-12,580,5,Batsaikhan Mongoljin
2012-12,879,6,Sutter Matthias
2012-11,651,1,Elizondo Rocío
2012-10,557,1,Alcaraz Carlo
2012-10,621,2,Chiquiar Daniel
2012-10,780,3,Orraca María José
2012-10,845,4,Salcedo Alejandrina
2012-09,643,1,Delajara Marcelo
2012-09,771,2,Murillo Garza José Antonio
2012-08,818,1,Rangel José Gonzalo
2012-08,812,2,Ramírez Claudia
2012-08,548,3,Abarca Gustavo
2012-07,747,1,Martínez-Jaramillo Serafín
2012-07,558,2,Alexandrova-Kabadjova Biliana
2012-07,591,3,Bravo-Benítez Bernardo
2012-07,875,4,Solórzano-Margain Juan Pablo
2012-06,669,1,García-Verdú Santiago
2012-05,702,1,Hernandez Vega Marco A.
2012-04,690,1,Guerrero Santiago
2012-03,619,1,Chávez Juan Carlos
2012-03,658,2,Fonseca Felipe J.
2012-02,558,1,Alexandrova-Kabadjova Biliana
2012-02,613,2,Castellanos Pascacio Sara Gabriela
2012-02,665,3,García-Almanza Alma L.
2012-01,643,1,Delajara Marcelo
2011-18,669,1,García-Verdú Santiago
2011-17,848,1,Sámano Daniel
2011-16,745,1,Martínez André
2011-16,834,2,Rodríguez-Zamora Carolina
2011-15,698,1,Hernández Manuel A.
2011-15,703,2,Ibarra-Ramírez Raúl
2011-15,895,3,Trupkin Danilo R.
2011-14,814,1,Ramos Francia Manuel
2011-14,635,2,Cuadra Gabriel
2011-14,603,3,Capistrán Carlos
2011-13,713,1,Kaiser Karen
2011-13,863,2,Schwabe Rainer
2011-12,603,1,Capistrán Carlos
2011-12,703,2,Ibarra-Ramírez Raúl
2011-12,814,3,Ramos Francia Manuel
2011-11,775,1,Noriega Antonio E.
2011-11,833,2,Rodríguez-Pérez Cid Alonso
2011-10,733,1,López Noria Gabriela
2011-09,713,1,Kaiser Karen
2011-09,725,2,Lever Guzmán Carlos
2011-08,749,1,Martínez-Ovando Juan Carlos
2011-08,911,2,Walker Stephen G.
2011-07,766,1,Morales-Ramos Eduardo
2011-06,745,1,Martínez André
2011-05,775,1,Noriega Antonio E.
2011-05,905,2,Ventosa-Santaulària Daniel
2011-04,725,1,Lever Guzmán Carlos
2011-03,703,1,Ibarra-Ramírez Raúl
2011-02,633,1,Covarrubias Enrique
2011-01,713,1,Kaiser Karen
2010-20,622,1,Chortareas Georgios E.
2010-20,670,2,Garza-Garcia Jesus Gustavo
2010-20,677,3,Girardone Claudia
2010-19,915,1,Yamada Katsunori
2010-19,858,2,Sannabe Atsushi
2010-19,752,3,Mastrobuoni Giovanni
2010-19,642,4,De la Garza Adrián
2010-18,745,1,Martínez André
2010-18,907,2,Viarengo Martina
2010-18,772,3,Musacchio Aldo
2010-17,548,1,Abarca Gustavo
2010-17,818,2,Rangel José Gonzalo
2010-17,583,3,Benavides Guillermo
2010-16,725,1,Lever Guzmán Carlos
2010-15,643,1,Delajara Marcelo
2010-14,557,1,Alcaraz Carlo
2010-14,621,2,Chiquiar Daniel
2010-14,845,3,Salcedo Alejandrina
2010-13,643,1,Delajara Marcelo
2010-12,583,1,Benavides Guillermo
2010-11,732,1,López Moctezuma Gabriel
2010-11,603,2,Capistrán Carlos
2010-10,633,1,Covarrubias Enrique
2010-09,918,1,Ysusi Carla
2010-08,669,1,García-Verdú Santiago
2010-07,845,1,Salcedo Alejandrina
2010-07,862,2,Schoellman Todd
2010-07,885,3,Tertilt Michèle
2010-06,775,1,Noriega Antonio E.
2010-06,905,2,Ventosa-Santaulària Daniel
2010-05,727,1,Lim Jean
2010-05,834,2,Rodríguez-Zamora Carolina
2010-04,555,1,Aiolfi Marco
2010-04,603,2,Capistrán Carlos
2010-04,887,3,Timmermann Allan
2010-03,633,1,Covarrubias Enrique
2010-02,713,1,Kaiser Karen
2010-01,703,1,Ibarra-Ramírez Raúl
2009-18,795,1,Peña Tonatiuh
2009-18,750,2,Martínez Serafín
2009-18,549,3,Abudu Bolanle
2009-17,652,1,Engle Robert F.
2009-17,818,2,Rangel José Gonzalo
2009-16,848,1,Sámano Daniel
2009-15,818,1,Rangel José Gonzalo
2009-14,869,1,Sidaoui José Julián
2009-14,603,2,Capistrán Carlos
2009-14,621,3,Chiquiar Daniel
2009-14,814,4,Ramos Francia Manuel
2009-13,787,1,Padilla Alberto
2009-12,745,1,Martínez André
2009-12,772,2,Musacchio Aldo
2009-11,621,1,Chiquiar Daniel
2009-11,814,2,Ramos Francia Manuel
2009-10,583,1,Benavides Guillermo
2009-10,603,2,Capistrán Carlos
2009-09,918,1,Ysusi Carla
2009-08,918,1,Ysusi Carla
2009-07,746,1,Martínez Chombo Eduardo
2009-06,651,1,Elizondo Rocío
2009-06,788,2,Padilla Pablo
2009-06,587,3,Bladt Mogens
2009-05,603,1,Capistrán Carlos
2009-05,626,2,Constandse Christian
2009-05,814,3,Ramos Francia Manuel
2009-04,766,1,Morales-Ramos Eduardo
2009-03,818,1,Rangel José Gonzalo
2009-03,652,2,Engle Robert F.
2009-02,775,1,Noriega Antonio E.
2009-02,814,2,Ramos Francia Manuel
2009-01,583,1,Benavides Guillermo
2009-01,603,2,Capistrán Carlos
2008-15,822,1,Reyna Cerecero Mario
2008-15,844,2,Salazar Cavazos Diana
2008-15,847,3,Salgado Banda Héctor
2008-14,635,1,Cuadra Gabriel
2008-13,562,1,Amoroso Nicolás
2008-12,775,1,Noriega Antonio E.
2008-12,814,2,Ramos Francia Manuel
2008-11,603,1,Capistrán Carlos
2008-11,732,2,López Moctezuma Gabriel
2008-10,631,1,Cortés Espada Josué Fernando
2008-10,814,2,Ramos Francia Manuel
2008-09,631,1,Cortés Espada Josué Fernando
2008-09,814,2,Ramos Francia Manuel
2008-08,621,1,Chiquiar Daniel
2008-08,814,2,Ramos Francia Manuel
2008-07,631,1,Cortés Espada Josué Fernando
2008-07,814,2,Ramos Francia Manuel
2008-07,891,3,Torres García Alberto
2008-06,557,1,Alcaraz Carlo
2008-06,621,2,Chiquiar Daniel
2008-06,814,3,Ramos Francia Manuel
2008-05,567,1,Antón Sarabia Arturo
2008-04,775,1,Noriega Antonio E.
2008-04,876,2,Soria Luis M.
2008-04,904,3,Velázquez Ramón
2008-03,651,1,Elizondo Rocío
2008-03,788,2,Padilla Pablo
2008-02,829,1,Rodríguez Arnulfo
2008-02,926,2,Zúñiga Gerardo
2008-02,832,3,Rodríguez Pedro N.
2008-01,562,1,Amoroso Nicolás
2008-01,621,2,Chiquiar Daniel
2008-01,810,3,Quella Núria
2008-01,814,4,Ramos Francia Manuel
2007-15,654,1,Fernandez-Corugedo Emilio
2007-14,603,1,Capistrán Carlos
2007-13,918,1,Ysusi Carla
2007-12,621,1,Chiquiar Daniel
2007-12,659,2,Fragoso Edna
2007-12,814,3,Ramos Francia Manuel
2007-11,603,1,Capistrán Carlos
2007-11,814,2,Ramos Francia Manuel
2007-10,896,1,Turrent y Díaz Eduardo
2007-09,847,1,Salgado Banda Héctor
2007-09,585,2,Bernal Verdugo Lorenzo E.
2007-08,847,1,Salgado Banda Héctor
2007-08,585,2,Bernal Verdugo Lorenzo E.
2007-07,631,1,Cortés Espada Josué Fernando
2007-06,567,1,Antón Sarabia Arturo
2007-05,829,1,Rodríguez Arnulfo
2007-05,682,2,González Fidel
2007-05,683,3,González García Jesús R.
2007-04,829,1,Rodríguez Arnulfo
2007-04,832,2,Rodríguez Pedro N.
2007-03,635,1,Cuadra Gabriel
2007-03,860,2,Sapriza Horacio
2007-02,654,1,Fernandez-Corugedo Emilio
2007-01,621,1,Chiquiar Daniel
2007-01,775,2,Noriega Antonio E.
2007-01,814,3,Ramos Francia Manuel
2006-15,814,1,Ramos Francia Manuel
2006-15,891,2,Torres García Alberto
2006-14,603,1,Capistrán Carlos
2006-13,918,1,Ysusi Carla
2006-12,775,1,Noriega Antonio E.
2006-12,905,2,Ventosa-Santaulària Daniel
2006-11,814,1,Ramos Francia Manuel
2006-11,603,2,Capistrán Carlos
2006-10,918,1,Ysusi Carla
2006-09,631,1,Cortés Espada Josué Fernando
2006-08,887,1,Timmermann Allan
2006-08,603,2,Capistrán Carlos
2006-07,887,1,Timmermann Allan
2006-07,603,2,Capistrán Carlos
2006-06,671,1,Gaytán González Alejandro
2006-06,683,2,González García Jesús R.
2006-05,775,1,Noriega Antonio E.
2006-05,905,2,Ventosa-Santaulària Daniel
2006-04,583,1,Benavides Guillermo
2006-03,557,1,Alcaraz Carlo
2006-03,668,2,García Verdú Rodrigo
2006-02,635,1,Cuadra Gabriel
2006-02,860,2,Sapriza Horacio
2006-01,635,1,Cuadra Gabriel
2006-01,860,2,Sapriza Horacio
2005-05,668,1,García Verdú Rodrigo
2005-04,847,1,Salgado Banda Héctor
2005-04,592,2,Breccia Adriana
2005-03,816,1,Ranciere Romain
2005-03,671,2,Gaytán González Alejandro
2005-02,816,1,Ranciere Romain
2005-02,671,2,Gaytán González Alejandro
2005-01,814,1,Ramos Francia Manuel
2005-01,891,2,Torres García Alberto
2004-07,613,1,Castellanos Pascacio Sara Gabriela
2004-07,783,2,Oviedo Marco
2004-06,621,1,Chiquiar Daniel
2004-05,621,1,Chiquiar Daniel
2004-05,814,2,Ramos Francia Manuel
2004-04,797,1,Pérez López Elguézabal Alejandro
2004-03,613,1,Castellanos Pascacio Sara Gabriela
2004-03,668,2,García Verdú Rodrigo
2004-03,714,3,Kaplan David
2004-02,751,1,Martínez Trigueros Lorenza
2004-02,840,2,Romero Hidalgo Roberto
2004-01,927,1,Díaz de León Carrillo Alejandro
2004-01,611,2,Casanova Martha
2003-05,891,1,Torres García Alberto
2003-04,664,1,Garcés Díaz Daniel
2003-03,576,1,Bailliu Jeannine
2003-03,717,2,Kruger Mark
2003-03,757,3,Messmacher Linartas Miguel
2003-03,664,4,Garcés Díaz Daniel
2003-02,578,1,Baqueiro Cárdenas Armando
2003-02,927,2,Díaz de León Carrillo Alejandro
2003-02,891,3,Torres García Alberto
2003-01,636,1,Cuevas Alfredo
2003-01,757,2,Messmacher Linartas Miguel
2003-01,914,3,Werner Wainfeld Alejandro
2002-12,664,1,Garcés Díaz Daniel
2002-11,891,1,Torres García Alberto
2002-10,683,1,González García Jesús R.
2002-09,582,1,Bazdresch Santiago
2002-09,914,2,Werner Wainfeld Alejandro
2002-08,797,1,Pérez López Elguézabal Alejandro
2002-07,664,1,Garcés Díaz Daniel
2002-06,891,1,Torres García Alberto
2002-06,903,2,Vela Treviño Oscar
2002-05,641,1,De la Cerda Clara
2002-05,774,2,Negrin José Luis
2002-04,744,1,Márquez Diez-Canedo Javier
2002-03,613,1,Castellanos Pascacio Sara Gabriela
2002-03,599,2,Camero Eduardo
2002-02,751,1,Martínez Trigueros Lorenza
2002-02,914,2,Werner Wainfeld Alejandro
2002-01,914,1,Werner Wainfeld Alejandro
2002-01,568,2,Aportela Rodríguez Fernando
2001-08,852,1,Sánchez García Oscar
2001-07,927,1,Díaz de León Carrillo Alejandro
2001-07,645,2,Del Villar Rafael
2001-07,675,3,Gil Hubert Johanna
2001-06,689,1,Guerra de Luna Alfonso
2001-06,891,2,Torres García Alberto
2001-05,568,1,Aportela Rodríguez Fernando
2001-05,569,2,Ardavín Ituarte José Antonio
2001-05,634,3,Cruz Aguayo Yyannú
2001-04,705,1,Jallath Coria Eduardo
2001-04,774,2,Negrin José Luis
2001-03,568,1,Aportela Rodríguez Fernando
2001-02,751,1,Martínez Trigueros Lorenza
2001-02,852,2,Sánchez García Oscar
2001-02,914,3,Werner Wainfeld Alejandro
2001-01,615,1,Cecchetti Stephen
2001-01,656,2,Flores Lagunes Alfonso
2001-01,716,3,Krause Stefan
2000-08,927,1,Díaz de León Carrillo Alejandro
2000-08,688,2,Greenham Llorente Laura Elena
2000-07,751,1,Martínez Trigueros Lorenza
2000-06,864,1,Schwartz Rosenthal Moisés
2000-06,891,2,Torres García Alberto
2000-05,774,1,Negrin José Luis
2000-04,757,1,Messmacher Linartas Miguel
2000-03,891,1,Torres García Alberto
2000-02,914,1,Werner Wainfeld Alejandro
2000-02,582,2,Bazdresch Santiago
2000-01,613,1,Castellanos Pascacio Sara Gabriela
1999-07,664,1,Garcés Díaz Daniel
1999-06,914,1,Werner Wainfeld Alejandro
1999-06,582,2,Bazdresch Santiago
1999-05,610,1,Carstens Carstens Agustín
1999-05,914,2,Werner Wainfeld Alejandro
1999-04,797,1,Pérez López Elguézabal Alejandro
1999-04,864,2,Schwartz Rosenthal Moisés
1999-03,852,1,Sánchez García Oscar
1999-03,865,2,Seade Durán Juan Jesús
1999-03,914,3,Werner Wainfeld Alejandro
1999-02,744,1,Márquez Diez-Canedo Javier
1999-02,730,2,López Castañón Calixto
1999-01,864,1,Schwartz Rosenthal Moisés
1999-01,662,2,Galván Sybel
1998-07,645,1,Del Villar Rafael
1998-07,771,2,Murillo Garza José Antonio
1998-07,575,3,Backal Daniel
1998-06,751,1,Martínez Trigueros Lorenza
1998-05,672,1,Gelos Gaston
1998-05,914,2,Werner Wainfeld Alejandro
1998-04,864,1,Schwartz Rosenthal Moisés
1998-03,625,1,Conesa Labastida Andrés
1998-02,753,1,Mateos Hanel Calixto
1998-02,671,2,Gaytán González Alejandro
1998-01,914,1,Werner Wainfeld Alejandro
1998-01,758,2,Milo Caraza Alexis
1997-09,663,1,Gamboa González Rafael
1997-08,645,1,Del Villar Rafael
1997-08,575,2,Backal Daniel
1997-08,893,3,Treviño Juan Pedro
1997-07,689,1,Guerra de Luna Alfonso
1997-06,914,1,Werner Wainfeld Alejandro
1997-05,610,1,Carstens Carstens Agustín
1997-05,823,2,Reynoso del Valle Alejandro
1997-04,663,1,Gamboa González Rafael
1997-03,927,1,Díaz de León Carrillo Alejandro
1997-02,753,1,Mateos Hanel Calixto
1997-02,864,2,Schwartz Rosenthal Moisés
1997-01,914,1,Werner Wainfeld Alejandro
1996-05,686,1,Graf Noriega Juan Pablo
1996-04,797,1,Pérez López Elguézabal Alejandro
1996-03,773,1,Naranjo González Mauricio
1996-02,838,1,Román Aguilar Fernando
1996-02,902,2,Vela Dib Abraham
1996-01,674,1,Gil Díaz Francisco
1996-01,610,2,Carstens Carstens Agustín
1995-09,773,1,Naranjo González Mauricio
1995-08,871,1,Sod Hoffs Gabriel
1995-07,771,1,Murillo Garza José Antonio
1995-06,751,1,Martínez Trigueros Lorenza
1995-05,686,1,Graf Noriega Juan Pablo
1995-04,797,1,Pérez López Elguézabal Alejandro
1995-03,850,1,Sánchez Arroyo Abdón
1995-02,906,1,Vera y Ferrer Gabriel
1995-02,589,2,Boné José Antonio
1995-01,823,1,Reynoso del Valle Alejandro
1991-67,608,1,Carriles Rubio Jorge
1991-67,899,2,Vargas Aguayo Alberto
1991-67,906,3,Vera y Ferrer Gabriel
1991-67,821,4,Reyes R. Francisco
1990-66,797,1,Pérez López Elguézabal Alejandro
1988-65,570,1,Arias S. Luis Gerardo
1988-65,691,2,Guerrero Víctor M.
1987-64,691,1,Guerrero Víctor M.
1987-63,691,1,Guerrero Víctor M.
1987-63,835,2,Rojas Francisco Javier
1987-62,691,1,Guerrero Víctor M.
1987-61,767,1,Moreno Navarro Lorenzo
1985-60,815,1,Ramos Tercero Raúl
1985-60,919,2,Zabludowsky Jaime
1984-59,906,1,Vera y Ferrer Gabriel
1984-58,899,1,Vargas Aguayo Alberto
1984-57,691,1,Guerrero Víctor M.
1984-56,799,1,Pérez Porrúa Juan Manuel
1983-55,691,1,Guerrero Víctor M.
1983-54,691,1,Guerrero Víctor M.
1983-53,704,1,Ize Alain
1983-53,931,2,Salas Martín del Campo Javier
1982-52,916,1,Yesin Toledo Rubén
1982-51,704,1,Ize Alain
1982-50,754,1,Maydón Garza Marín
1982-50,909,2,Villalpando Luis H.
1982-49,691,1,Guerrero Víctor M.
1982-48,742,1,Marcos Yacamán Jesús
1982-47,931,1,Salas Martín del Campo Javier
1982-47,869,2,Sidaoui José Julián
1982-46,685,1,González Méndez Héctor E.
1982-45,685,1,González Méndez Héctor E.
1981-44,820,1,Reyes Heroles Jesús
1981-43,704,1,Ize Alain
1981-42,781,1,Ortiz Martínez Guillermo
1981-42,872,2,Solís Leopoldo
1981-41,595,1,Calderón Angel
1981-41,605,2,Cárdenas Javier
1981-41,704,3,Ize Alain
1981-40,781,1,Ortiz Martínez Guillermo
1981-39,704,1,Ize Alain
1981-38,820,1,Reyes Heroles Jesús
1981-38,869,2,Sidaoui José Julián
1981-37 T3,648,1,Díez-Canedo Juan
1981-37 T3,906,2,Vera y Ferrer Gabriel
1981-37 T3,560,3,Altimir Oscar
1981-37 T3,584,4,Bergsman Joel
1981-37 T3,923,5,Zazueta César
1981-37 T3,827,6,Rizzo Sócrates
1981-37 T3,740,7,Maldonado Víctor
1981-37 T3,820,8,Reyes Heroles Jesús
1981-37 T3,616,9,Cervantes Jesús
1981-37 T3,680,10,Gómez Octavio
1981-37 T3,572,11,Arnaud Enrique
1981-37 T3,673,12,Gibson William
1981-37 T3,737,13,Lusting Nora
1981-37 T3,882,14,Taylor Lance
1981-37 T2,648,1,Díez-Canedo Juan
1981-37 T2,906,2,Vera y Ferrer Gabriel
1981-37 T2,560,3,Altimir Oscar
1981-37 T2,584,4,Bergsman Joel
1981-37 T2,923,5,Zazueta César
1981-37 T2,827,6,Rizzo Sócrates
1981-37 T2,740,7,Maldonado Víctor
1981-37 T2,820,8,Reyes Heroles Jesús
1981-37 T2,616,9,Cervantes Jesús
1981-37 T2,680,10,Gómez Octavio
1981-37 T2,572,11,Arnaud Enrique
1981-37 T2,673,12,Gibson William
1981-37 T2,737,13,Lusting Nora
1981-37 T2,882,14,Taylor Lance
1981-37 T1,648,1,Díez-Canedo Juan
1981-37 T1,906,2,Vera y Ferrer Gabriel
1981-37 T1,560,3,Altimir Oscar
1981-37 T1,584,4,Bergsman Joel
1981-37 T1,923,5,Zazueta César
1981-37 T1,827,6,Rizzo Sócrates
1981-37 T1,740,7,Maldonado Víctor
1981-37 T1,820,8,Reyes Heroles Jesús
1981-37 T1,616,9,Cervantes Jesús
1981-37 T1,680,10,Gómez Octavio
1981-37 T1,572,11,Arnaud Enrique
1981-37 T1,673,12,Gibson William
1981-37 T1,737,13,Lusting Nora
1981-37 T1,882,14,Taylor Lance
1981-37,648,1,Díez-Canedo Juan
1981-37,906,2,Vera y Ferrer Gabriel
1981-36,685,1,González Méndez Héctor E.
1981-35,899,1,Vargas Aguayo Alberto
1981-34,685,1,González Méndez Héctor E.
1981-33,691,1,Guerrero Víctor M.
1981-33,906,2,Vera y Ferrer Gabriel
1981-32,691,1,Guerrero Víctor M.
1980-31,906,1,Vera y Ferrer Gabriel
1980-30,781,1,Ortiz Martínez Guillermo
1980-29,685,1,González Méndez Héctor E.
1980-28,781,1,Ortiz Martínez Guillermo
1980-27,906,1,Vera y Ferrer Gabriel
1980-27,691,2,Guerrero Víctor M.
1980-26,931,1,Salas Martín del Campo Javier
1980-25,704,1,Ize Alain
1980-24,648,1,Díez-Canedo Juan
1980-23,691,1,Guerrero Víctor M.
1980-23,906,2,Vera y Ferrer Gabriel
1980-22,691,1,Guerrero Víctor M.
1980-22,906,2,Vera y Ferrer Gabriel
1980-21,899,1,Vargas Aguayo Alberto
1980-20,685,1,González Méndez Héctor E.
1980-19,781,1,Ortiz Martínez Guillermo
1980-19,872,2,Solís Leopoldo
1980-18,704,1,Ize Alain
1980-17,781,1,Ortiz Martínez Guillermo
1980-17,872,2,Solís Leopoldo
1980-16,869,1,Sidaoui José Julián
1980-16,870,2,Sines Richard H.
1979-15,704,1,Ize Alain
1979-14,869,1,Sidaoui José Julián
1979-14,870,2,Sines Richard H.
1979-13,781,1,Ortiz Martínez Guillermo
1979-12,827,1,Rizzo Sócrates
1979-12,872,2,Solís Leopoldo
1979-11,866,1,Seade Kuri Jesús
1979-10,933,1,Zedillo Ponce de León Ernesto
1979-09,781,1,Ortiz Martínez Guillermo
1979-09,630,2,Córdoba José
1979-08,630,1,Córdoba José
1979-07,608,1,Carriles Rubio Jorge
1979-06,843,1,Salas Fernando
1979-05,704,1,Ize Alain
1978-04,685,1,González Méndez Héctor E.
1978-03,933,1,Zedillo Ponce de León Ernesto
1978-02,704,1,Ize Alain
1978-01,781,1,Ortiz Martínez Guillermo
1978-01,872,2,Solís Leopoldo
